pair,variant,case,operation,reps,ns_per_call,children
0,baseline,one-child,List,51,2425120.333,1
0,candidate,one-child,List,1104691,108.353,1
1,candidate,one-child,List,1124029,107.190,1
1,baseline,one-child,List,51,2484154.667,1
2,baseline,one-child,List,52,2510183.538,1
2,candidate,one-child,List,1267826,100.859,1
3,candidate,one-child,List,1212721,100.196,1
3,baseline,one-child,List,49,2496459.796,1
4,baseline,one-child,List,49,2524171.510,1
4,candidate,one-child,List,1116987,102.392,1
5,candidate,one-child,List,1218888,101.079,1
5,baseline,one-child,List,47,2415380.936,1
6,baseline,one-child,List,46,2376423.804,1
6,candidate,one-child,List,1232676,98.992,1
7,candidate,one-child,List,1234993,100.353,1
7,baseline,one-child,List,48,2418970.208,1
8,baseline,one-child,List,49,2439480.714,1
8,candidate,one-child,List,1185988,97.882,1
0,baseline,one-child,ListLen,49,2488020.755,1
0,candidate,one-child,ListLen,1105061,106.081,1
1,candidate,one-child,ListLen,1093948,103.591,1
1,baseline,one-child,ListLen,46,2367425.109,1
2,baseline,one-child,ListLen,52,2401607.673,1
2,candidate,one-child,ListLen,1135576,102.909,1
3,candidate,one-child,ListLen,1056056,104.254,1
3,baseline,one-child,ListLen,45,2706822.778,1
4,baseline,one-child,ListLen,44,2722195.864,1
4,candidate,one-child,ListLen,1049831,113.378,1
5,candidate,one-child,ListLen,1042983,113.423,1
5,baseline,one-child,ListLen,44,2738616.545,1
6,baseline,one-child,ListLen,44,2743650.250,1
6,candidate,one-child,ListLen,1066088,111.796,1
7,candidate,one-child,ListLen,1048393,112.561,1
7,baseline,one-child,ListLen,43,2827102.140,1
8,baseline,one-child,ListLen,43,2727802.000,1
8,candidate,one-child,ListLen,1061211,111.468,1
0,baseline,ten-children,List,44,2734601.795,10
0,candidate,ten-children,List,109230,1099.880,10
1,candidate,ten-children,List,109397,1097.021,10
1,baseline,ten-children,List,44,2779956.568,10
2,baseline,ten-children,List,45,2628471.444,10
2,candidate,ten-children,List,108314,1086.756,10
3,candidate,ten-children,List,108931,1079.429,10
3,baseline,ten-children,List,45,2689760.311,10
4,baseline,ten-children,List,46,2709427.283,10
4,candidate,ten-children,List,112036,1076.657,10
5,candidate,ten-children,List,112625,1077.515,10
5,baseline,ten-children,List,44,2729227.682,10
6,baseline,ten-children,List,49,2493425.633,10
6,candidate,ten-children,List,112156,1031.054,10
7,candidate,ten-children,List,110263,1069.280,10
7,baseline,ten-children,List,47,2604905.702,10
8,baseline,ten-children,List,49,2493070.041,10
8,candidate,ten-children,List,124388,949.418,10
0,baseline,ten-children,ListLen,51,2409034.667,10
0,candidate,ten-children,ListLen,123310,989.919,10
1,candidate,ten-children,ListLen,110689,973.948,10
1,baseline,ten-children,ListLen,50,2491127.180,10
2,baseline,ten-children,ListLen,51,2497853.451,10
2,candidate,ten-children,ListLen,113199,976.583,10
3,candidate,ten-children,ListLen,112598,1033.058,10
3,baseline,ten-children,ListLen,46,2540929.652,10
4,baseline,ten-children,ListLen,47,2459829.915,10
4,candidate,ten-children,ListLen,110495,1075.456,10
5,candidate,ten-children,ListLen,124058,995.403,10
5,baseline,ten-children,ListLen,46,2593540.609,10
6,baseline,ten-children,ListLen,45,2691464.400,10
6,candidate,ten-children,ListLen,114343,1045.925,10
7,candidate,ten-children,ListLen,124909,1012.817,10
7,baseline,ten-children,ListLen,46,2564940.565,10
8,baseline,ten-children,ListLen,45,2662151.933,10
8,candidate,ten-children,ListLen,110699,1041.431,10
0,baseline,flat,List,49,2529929.755,10000
0,candidate,flat,List,61,2020980.951,10000
1,candidate,flat,List,61,2019979.557,10000
1,baseline,flat,List,52,2489854.827,10000
2,baseline,flat,List,47,2590534.383,10000
2,candidate,flat,List,57,1985010.333,10000
3,candidate,flat,List,59,2046312.458,10000
3,baseline,flat,List,43,2831747.907,10000
4,baseline,flat,List,55,2236970.927,10000
4,candidate,flat,List,66,1884005.758,10000
5,candidate,flat,List,64,1825114.891,10000
5,baseline,flat,List,47,2360233.064,10000
6,baseline,flat,List,52,2396625.827,10000
6,candidate,flat,List,62,1860451.935,10000
7,candidate,flat,List,64,1903179.438,10000
7,baseline,flat,List,51,2375115.000,10000
8,baseline,flat,List,51,2492168.745,10000
8,candidate,flat,List,65,1852103.369,10000
0,baseline,flat,ListLen,49,2460191.551,10000
0,candidate,flat,ListLen,66,1813141.364,10000
1,candidate,flat,ListLen,62,1965224.645,10000
1,baseline,flat,ListLen,53,2352235.811,10000
2,baseline,flat,ListLen,51,2367869.235,10000
2,candidate,flat,ListLen,61,1878070.492,10000
3,candidate,flat,ListLen,68,1850108.368,10000
3,baseline,flat,ListLen,52,2393972.846,10000
4,baseline,flat,ListLen,54,2485130.704,10000
4,candidate,flat,ListLen,63,1863697.286,10000
5,candidate,flat,ListLen,63,1880981.603,10000
5,baseline,flat,ListLen,54,2342191.852,10000
6,baseline,flat,ListLen,54,2447380.389,10000
6,candidate,flat,ListLen,65,1862523.369,10000
7,candidate,flat,ListLen,61,1791232.574,10000
7,baseline,flat,ListLen,47,2585789.660,10000
8,baseline,flat,ListLen,49,2486884.653,10000
8,candidate,flat,ListLen,64,1834093.312,10000
0,baseline,last-live,List,1093,106577.819,1
0,candidate,last-live,List,2327,49705.618,1
1,candidate,last-live,List,2315,50556.569,1
1,baseline,last-live,List,964,109873.083,1
2,baseline,last-live,List,1008,115410.884,1
2,candidate,last-live,List,2367,50834.370,1
3,candidate,last-live,List,2320,50128.420,1
3,baseline,last-live,List,1066,106534.248,1
4,baseline,last-live,List,1042,108776.669,1
4,candidate,last-live,List,2198,51255.814,1
5,candidate,last-live,List,2396,50425.169,1
5,baseline,last-live,List,1119,103979.222,1
6,baseline,last-live,List,1115,100036.153,1
6,candidate,last-live,List,2252,53369.306,1
7,candidate,last-live,List,2430,49871.145,1
7,baseline,last-live,List,1141,105506.890,1
8,baseline,last-live,List,1161,99422.991,1
8,candidate,last-live,List,2344,52891.035,1
0,baseline,last-live,ListLen,1135,106342.058,1
0,candidate,last-live,ListLen,2378,49785.135,1
1,candidate,last-live,ListLen,2467,50169.606,1
1,baseline,last-live,ListLen,1068,107262.373,1
2,baseline,last-live,ListLen,1015,107156.184,1
2,candidate,last-live,ListLen,2403,49977.685,1
3,candidate,last-live,ListLen,2480,49502.679,1
3,baseline,last-live,ListLen,1109,108252.674,1
4,baseline,last-live,ListLen,964,110442.327,1
4,candidate,last-live,ListLen,2423,54153.321,1
5,candidate,last-live,ListLen,2408,49449.006,1
5,baseline,last-live,ListLen,1145,106153.999,1
6,baseline,last-live,ListLen,1134,99917.418,1
6,candidate,last-live,ListLen,2384,48967.693,1
7,candidate,last-live,ListLen,2222,49836.647,1
7,baseline,last-live,ListLen,1051,109393.620,1
8,baseline,last-live,ListLen,1152,105363.010,1
8,candidate,last-live,ListLen,2537,48047.089,1
0,baseline,all-dead,List,1152,107584.740,0
0,candidate,all-dead,List,2459,47857.778,0
1,candidate,all-dead,List,2582,50857.508,0
1,baseline,all-dead,List,1193,103779.922,0
2,baseline,all-dead,List,1170,109499.410,0
2,candidate,all-dead,List,2486,50175.693,0
3,candidate,all-dead,List,2491,49006.776,0
3,baseline,all-dead,List,1143,98172.208,0
4,baseline,all-dead,List,1158,109565.780,0
4,candidate,all-dead,List,2372,47959.969,0
5,candidate,all-dead,List,2446,49002.075,0
5,baseline,all-dead,List,965,111139.536,0
6,baseline,all-dead,List,1121,104232.448,0
6,candidate,all-dead,List,2355,49344.946,0
7,candidate,all-dead,List,2406,50554.862,0
7,baseline,all-dead,List,1001,106291.527,0
8,baseline,all-dead,List,1024,106098.015,0
8,candidate,all-dead,List,2489,49175.094,0
0,baseline,all-dead,ListLen,1157,109026.351,0
0,candidate,all-dead,ListLen,2389,48788.468,0
1,candidate,all-dead,ListLen,2395,50845.044,0
1,baseline,all-dead,ListLen,1001,107421.777,0
2,baseline,all-dead,ListLen,1125,107688.220,0
2,candidate,all-dead,ListLen,2536,48613.488,0
3,candidate,all-dead,ListLen,2226,50039.007,0
3,baseline,all-dead,ListLen,1046,105083.805,0
4,baseline,all-dead,ListLen,1043,108924.244,0
4,candidate,all-dead,ListLen,2451,48467.308,0
5,candidate,all-dead,ListLen,2447,49924.992,0
5,baseline,all-dead,ListLen,1170,104713.248,0
6,baseline,all-dead,ListLen,1171,101439.823,0
6,candidate,all-dead,ListLen,2364,49480.947,0
7,candidate,all-dead,ListLen,2466,49671.781,0
7,baseline,all-dead,ListLen,1129,105693.935,0
8,baseline,all-dead,ListLen,1112,101412.538,0
8,candidate,all-dead,ListLen,2126,50450.737,0
0,baseline,long-child,List,79001,1469.777,1
0,candidate,long-child,List,84875,1429.059,1
1,candidate,long-child,List,82136,1406.386,1
1,baseline,long-child,List,86477,1447.930,1
2,baseline,long-child,List,86005,1445.111,1
2,candidate,long-child,List,87027,1462.878,1
3,candidate,long-child,List,86022,1437.662,1
3,baseline,long-child,List,82778,1390.292,1
4,baseline,long-child,List,82244,1403.271,1
4,candidate,long-child,List,74862,1441.978,1
5,candidate,long-child,List,81910,1396.296,1
5,baseline,long-child,List,83578,1446.279,1
6,baseline,long-child,List,85178,1399.371,1
6,candidate,long-child,List,81158,1476.831,1
7,candidate,long-child,List,78054,1478.150,1
7,baseline,long-child,List,83343,1483.813,1
8,baseline,long-child,List,83363,1480.680,1
8,candidate,long-child,List,79762,1511.579,1
0,baseline,long-child,ListLen,81878,1444.959,1
0,candidate,long-child,ListLen,82266,1415.908,1
1,candidate,long-child,ListLen,80779,1432.035,1
1,baseline,long-child,ListLen,81160,1395.130,1
2,baseline,long-child,ListLen,82893,1433.550,1
2,candidate,long-child,ListLen,75737,1455.277,1
3,candidate,long-child,ListLen,83149,1426.195,1
3,baseline,long-child,ListLen,82760,1428.265,1
4,baseline,long-child,ListLen,84822,1555.289,1
4,candidate,long-child,ListLen,80102,1448.340,1
5,candidate,long-child,ListLen,81137,1474.351,1
5,baseline,long-child,ListLen,79681,1510.722,1
6,baseline,long-child,ListLen,87868,1452.813,1
6,candidate,long-child,ListLen,84467,1487.240,1
7,candidate,long-child,ListLen,80101,1464.214,1
7,baseline,long-child,ListLen,80050,1463.741,1
8,baseline,long-child,ListLen,82017,1456.644,1
8,candidate,long-child,ListLen,85961,1409.646,1
0,baseline,long-flat,List,9,14095177.889,10000
0,candidate,long-flat,List,16,7652821.750,10000
1,candidate,long-flat,List,16,7435479.312,10000
1,baseline,long-flat,List,9,14036346.444,10000
2,baseline,long-flat,List,8,15100106.375,10000
2,candidate,long-flat,List,17,7351531.765,10000
3,candidate,long-flat,List,16,7700739.000,10000
3,baseline,long-flat,List,8,14233001.250,10000
4,baseline,long-flat,List,9,14963469.667,10000
4,candidate,long-flat,List,16,7885072.750,10000
5,candidate,long-flat,List,16,7345851.312,10000
5,baseline,long-flat,List,9,14122512.444,10000
6,baseline,long-flat,List,9,14222680.222,10000
6,candidate,long-flat,List,18,7090634.889,10000
7,candidate,long-flat,List,16,7172405.688,10000
7,baseline,long-flat,List,9,14160484.778,10000
8,baseline,long-flat,List,9,14179676.222,10000
8,candidate,long-flat,List,15,7890117.533,10000
0,baseline,long-flat,ListLen,8,15782578.625,10000
0,candidate,long-flat,ListLen,17,7444104.588,10000
1,candidate,long-flat,ListLen,15,7854616.667,10000
1,baseline,long-flat,ListLen,9,14561674.111,10000
2,baseline,long-flat,ListLen,9,13386258.222,10000
2,candidate,long-flat,ListLen,17,7615769.059,10000
3,candidate,long-flat,ListLen,17,7167704.941,10000
3,baseline,long-flat,ListLen,9,13670585.111,10000
4,baseline,long-flat,ListLen,10,13711321.800,10000
4,candidate,long-flat,ListLen,17,7500680.118,10000
5,candidate,long-flat,ListLen,16,7667383.938,10000
5,baseline,long-flat,ListLen,9,14099583.778,10000
6,baseline,long-flat,ListLen,8,14758820.625,10000
6,candidate,long-flat,ListLen,15,7535475.067,10000
7,candidate,long-flat,ListLen,17,7784524.882,10000
7,baseline,long-flat,ListLen,9,14578171.667,10000
8,baseline,long-flat,ListLen,8,13773102.250,10000
8,candidate,long-flat,ListLen,16,7527322.625,10000
