pair,variant,case,n,ns,ns_per_set
0,base,update-one,400000,61895191,154.738
0,candidate,update-one,400000,42372009,105.93
1,candidate,update-one,400000,45075515,112.689
1,base,update-one,400000,71508673,178.772
2,base,update-one,400000,64178485,160.446
2,candidate,update-one,400000,47580198,118.95
3,candidate,update-one,400000,46833349,117.083
3,base,update-one,400000,64452744,161.132
4,base,update-one,400000,62978671,157.447
4,candidate,update-one,400000,45150154,112.875
5,candidate,update-one,400000,43435264,108.588
5,base,update-one,400000,60758360,151.896
6,base,update-one,400000,66255476,165.639
6,candidate,update-one,400000,46564058,116.41
7,candidate,update-one,400000,44711613,111.779
7,base,update-one,400000,62063849,155.16
8,base,update-one,400000,65621054,164.053
8,candidate,update-one,400000,45281741,113.204
9,candidate,update-one,400000,45141370,112.853
9,base,update-one,400000,62145957,155.365
10,base,update-one,400000,67030748,167.577
10,candidate,update-one,400000,45459033,113.648
11,candidate,update-one,400000,44651805,111.63
11,base,update-one,400000,68220437,170.551
12,base,update-one,400000,63053078,157.633
12,candidate,update-one,400000,45569477,113.924
0,base,update-128,400000,84671623,211.679
0,candidate,update-128,400000,67027647,167.569
1,candidate,update-128,400000,65982137,164.955
1,base,update-128,400000,84548822,211.372
2,base,update-128,400000,82051962,205.13
2,candidate,update-128,400000,69911532,174.779
3,candidate,update-128,400000,66377655,165.944
3,base,update-128,400000,83356661,208.392
4,base,update-128,400000,83468049,208.67
4,candidate,update-128,400000,67689210,169.223
5,candidate,update-128,400000,72109164,180.273
5,base,update-128,400000,83362997,208.407
6,base,update-128,400000,80585290,201.463
6,candidate,update-128,400000,67984744,169.962
7,candidate,update-128,400000,66776564,166.941
7,base,update-128,400000,80468444,201.171
8,base,update-128,400000,84316623,210.792
8,candidate,update-128,400000,65131729,162.829
9,candidate,update-128,400000,64265315,160.663
9,base,update-128,400000,80787226,201.968
10,base,update-128,400000,79272916,198.182
10,candidate,update-128,400000,66861532,167.154
11,candidate,update-128,400000,63790456,159.476
11,base,update-128,400000,82344592,205.861
12,base,update-128,400000,83237339,208.093
12,candidate,update-128,400000,63647575,159.119
0,base,insert-short,50000,9395787440,187915.749
0,candidate,insert-short,50000,10139487672,202789.753
1,candidate,insert-short,50000,16479125859,329582.517
1,base,insert-short,50000,19791702157,395834.043
2,base,insert-short,50000,10061916313,201238.326
2,candidate,insert-short,50000,10076825006,201536.5
3,candidate,insert-short,50000,10074826457,201496.529
3,base,insert-short,50000,10064842004,201296.84
4,base,insert-short,50000,10080552942,201611.059
4,candidate,insert-short,50000,10076521472,201530.429
5,candidate,insert-short,50000,10089177378,201783.548
5,base,insert-short,50000,10127544690,202550.894
6,base,insert-short,50000,10156543889,203130.878
6,candidate,insert-short,50000,10092666520,201853.33
7,candidate,insert-short,50000,10097477751,201949.555
7,base,insert-short,50000,10165478540,203309.571
8,base,insert-short,50000,10062495909,201249.918
8,candidate,insert-short,50000,10103714713,202074.294
9,candidate,insert-short,50000,10127781510,202555.63
9,base,insert-short,50000,10051829513,201036.59
10,base,insert-short,50000,9415498044,188309.961
10,candidate,insert-short,50000,9424937533,188498.751
11,candidate,insert-short,50000,9403135144,188062.703
11,base,insert-short,50000,9683754949,193675.099
12,base,insert-short,50000,9570918209,191418.364
12,candidate,insert-short,50000,9765089074,195301.781
0,base,insert-long,50000,10005969006,200119.38
0,candidate,insert-long,50000,10035383304,200707.666
1,candidate,insert-long,50000,10057741138,201154.823
1,base,insert-long,50000,10093381423,201867.628
2,base,insert-long,50000,9971404041,199428.081
2,candidate,insert-long,50000,10074285904,201485.718
3,candidate,insert-long,50000,10137020708,202740.414
3,base,insert-long,50000,10152915712,203058.314
4,base,insert-long,50000,10141586431,202831.729
4,candidate,insert-long,50000,10156075566,203121.511
5,candidate,insert-long,50000,10195850308,203917.006
